 {
    "API dump": {
        "blacklisted_layers": [
        ],
        "description": "A Simple API dump configuration",
        "layer_options": {
            "VK_LAYER_LUNARG_api_dump": {
                "detailed": {
                    "default": "TRUE",
                    "description": "Setting this to true causes parameter details to be dumped in addition to API calls",
                    "name": "Detailed Output",
                    "type": "bool"
                },
                "file": {
                    "default": "FALSE",
                    "description": "Setting this to true indicates that output should be written to file instead of stdout",
                    "name": "Output to File",
                    "type": "bool"
                },
                "flush": {
                    "default": "TRUE",
                    "description": "Setting this to true causes IO to be flushed after each API call that is written",
                    "name": "Flush",
                    "type": "bool"
                },
                "indent_size": {
                    "default": "4",
                    "description": "Specifies the number of spaces that a tab is equal to",
                    "name": "Indent Size",
                    "type": "string"
                },
                "layer_rank": 0,
                "log_filename": {
                    "default": "stdout",
                    "description": "Specifies the file to dump to when output files are enabled",
                    "name": "Log Filename",
                    "type": "save_file"
                },
                "name_size": {
                    "default": "32",
                    "description": "The number of characters the name of a variable should consume, assuming more are not required",
                    "name": "Name Size",
                    "type": "string"
                },
                "no_addr": {
                    "default": "FALSE",
                    "description": "Setting this to true causes \"address\" to be dumped in place of hex addresses",
                    "name": "Hide Addresses",
                    "type": "bool"
                },
                "output_format": {
                    "default": "",
                    "name": "Output Format",
                    "description": "Specifies the format used for output; can be Text (default -- outputs plain text), Html, or Json",
                    "type": "enum",
                    "options": {
                        "Text": "Text",
                        "Html": "Html",
                        "Json": "Json"
                    },
                    "default": "Text"
                },
                "output_range": {
                    "default": "0-0",
                    "description": "Comma separated list of frames to output or a range of frames with a start, count, and optional interval separated by a dash. A count of 0 will output every frame after the start of the range. Example: \"5-8-2\" will output frame 5, continue until frame 13, dumping every other frame. Example: \"3,8-2\" will output frames 3, 8, and 9.",
                    "name": "Output Range",
                    "type": "string"
                },
                "show_shader": {
                    "default": "TRUE",
                    "description": "Setting this to true causes the shader binary code in pCode to be also written to output",
                    "name": "Show Shader",
                    "type": "bool"
                },
                "show_timestamp": {
                    "default": "TRUE",
                    "description": "Show the timestamp of function calls since start in microseconds",
                    "name": "Show Timestamp",
                    "type": "bool"
                },
                "show_types": {
                    "default": "TRUE",
                    "description": "Setting this to true causes types to be dumped in addition to values",
                    "name": "Show Types",
                    "type": "bool"
                },
                "type_size": {
                    "default": "0",
                    "description": "The number of characters the name of a type should consume, assuming more are not required",
                    "name": "Type Size",
                    "type": "string"
                },
                "use_spaces": {
                    "default": "TRUE",
                    "description": "Setting this to true causes all tab characters to be replaced with spaces",
                    "name": "Use Spaces",
                    "type": "bool"
                }
            }
        }
    }
}
