{
    "Comment": "This is being kept for now for historical reasons. It is not used, but was originaly intended to describe the fixed profiles",
    "Basic Validation": {
        "VK_LAYER_KHRONOS_validation": {
            "Read Only": {
            "Disables": "VK_VALIDATION_FEATURE_DISABLE_THREAD_SAFETY_EXT"
             },
            "User" : {
            "debug_action": "VK_DBG_LAYER_ACTION_LOG_MSG",
            "report_flags": [
            "error",
            "warn",
            "perf" ],
            "log_filename": "stdout",
            "Enables": []
            }
        }
    },
    "Lightweight Validation": {
        "VK_LAYER_KHRONOS_validation": {
            "Read Only": {
            "Disables": "VK_VALIDATION_FEATURE_DISABLE_THREAD_SAFETY_EXT,VK_VALIDATION_FEATURE_DISABLE_UNIQUE_HANDLES_EXT,VK_VALIDATION_FEATURE_DISABLE_CORE_CHECKS_EXT"
            },
           "User" : {
           "debug_action": "VK_DBG_LAYER_ACTION_LOG_MSG",
           "report_flags": [
           "error",
           "warn",
           "perf" ],
           "log_filename": "stdout",
           "Enables": []
           }
       }
    },
    "Best Practices Validation": {
        "VK_LAYER_KHRONOS_validation": {
            "Read Only": {
            "Enables": "VK_VALIDATION_FEATURE_ENABLE_BEST_PRACTICES_EXT",
            "Disables": "VK_VALIDATION_FEATURE_DISABLE_OBJECT_LIFETIMES_EXT,VK_VALIDATION_FEATURE_DISABLE_API_PARAMETERS_EXT,VK_VALIDATION_FEATURE_DISABLE_API_PARAMETERS_EXT,VK_VALIDATION_FEATURE_DISABLE_UNIQUE_HANDLES_EXT,VK_VALIDATION_FEATURE_DISABLE_THREAD_SAFETY_EXT"
            },
            "User" : {
            "debug_action": "VK_DBG_LAYER_ACTION_LOG_MSG",
            "report_flags": [
            "error",
            "warn",
            "perf" ],
            "log_filename": "stdout"
            }
        }
    },
    "Synchronization Validation": {
        "VK_LAYER_KHRONOS_validation": {
            "Read Only": {
            "Enables": "VK_VALIDATION_FEATURE_ENABLE_SYNCHRONIZATION_EXT",
            "Disables": "VK_VALIDATION_FEATURE_DISABLE_OBJECT_LIFETIMES_EXT,VK_VALIDATION_FEATURE_DISABLE_API_PARAMETERS_EXT,VK_VALIDATION_FEATURE_DISABLE_CORE_CHECKS_EXT,VK_VALIDATION_FEATURE_DISABLE_UNIQUE_HANDLES_EXT"
            },
            "User" : {
            "debug_action": "VK_DBG_LAYER_ACTION_LOG_MSG",
            "report_flags": [
            "error",
            "warn",
            "perf" ],
            "log_filename": "stdout"
            }
        }
    },    
    "GPU-Assisted Validation": {
        "VK_LAYER_KHRONOS_validation": {
            "Read Only": {
            "Enables": "VK_VALIDATION_FEATURE_ENABLE_GPU_ASSISTED_EXT",
            "Disables": "VK_VALIDATION_FEATURE_DISABLE_OBJECT_LIFETIMES_EXT,VK_VALIDATION_FEATURE_DISABLE_API_PARAMETERS_EXT,VK_VALIDATION_FEATURE_DISABLE_CORE_CHECKS_EXT,VK_VALIDATION_FEATURE_DISABLE_UNIQUE_HANDLES_EXT,VK_VALIDATION_FEATURE_DISABLE_THREAD_SAFETY_EXT"
            },
            "User" : {
            "debug_action": "VK_DBG_LAYER_ACTION_LOG_MSG",
            "report_flags": [
            "error",
            "warn",
            "perf" ],
            "log_filename": "stdout"
            }
        }
    }
}
